{
  "seats": {
    "0": {
      "left": 1091,
      "top": 151,
      "width": 200,
      "height": 214
    },
    "1": {
      "left": 1088,
      "top": 538,
      "width": 200,
      "height": 214
    },
    "2": {
      "left": 723,
      "top": 543,
      "width": 200,
      "height": 214
    },
    "3": {
      "left": 433,
      "top": 543,
      "width": 200,
      "height": 214
    },
    "4": {
      "left": 128,
      "top": 538,
      "width": 200,
      "height": 214
    },
    "5": {
      "left": 131,
      "top": 151,
      "width": 200,
      "height": 214
    }
  },
  "bets": {
    "0": {
      "left": 914,
      "top": 164,
      "width": 60,
      "height": 40
    },
    "1": {
      "left": 938,
      "top": 388,
      "width": 22.015625,
      "height": 14
    },
    "2": {
      "left": 722,
      "top": 402,
      "width": 22.015625,
      "height": 14
    },
    "3": {
      "left": 422,
      "top": 402,
      "width": 22.015625,
      "height": 14
    },
    "4": {
      "left": 278,
      "top": 388,
      "width": 22.015625,
      "height": 14
    },
    "5": {
      "left": 284,
      "top": 154,
      "width": 22.015625,
      "height": 14
    }
  },
  "stacks": {
    "0": {
      "left": 1075,
      "top": 325,
      "width": 113.46875,
      "height": 30
    },
    "1": {
      "left": 1083,
      "top": 683,
      "width": 113.46875,
      "height": 30
    },
    "2": {
      "left": 723,
      "top": 683,
      "width": 113.46875,
      "height": 30
    },
    "3": {
      "left": 423,
      "top": 683,
      "width": 113.46875,
      "height": 30
    },
    "4": {
      "left": 123,
      "top": 683,
      "width": 113.46875,
      "height": 30
    },
    "5": {
      "left": 125,
      "top": 325,
      "width": 113.46875,
      "height": 30
    }
  },
  "board": {
    "left": 327,
    "top": 157,
    "width": 0,
    "height": 0
  },
  "pot": {
    "left": 557,
    "top": 337,
    "width": 62.71875,
    "height": 24
  }
}