{
  "seats": {
    "0": {
      "left": 1087,
      "top": 187,
      "width": 200,
      "height": 214
    },
    "1": {
      "left": 1087,
      "top": 537,
      "width": 200,
      "height": 214
    },
    "2": {
      "left": 722,
      "top": 542,
      "width": 200,
      "height": 214
    },
    "3": {
      "left": 432,
      "top": 542,
      "width": 200,
      "height": 214
    },
    "4": {
      "left": 127,
      "top": 537,
      "width": 200,
      "height": 214
    },
    "5": {
      "left": 127,
      "top": 187,
      "width": 200,
      "height": 214
    }
  },
  "bets": {
    "0": {
      "left": 913,
      "top": 163,
      "width": 60,
      "height": 40
    },
    "1": {
      "left": 937,
      "top": 387,
      "width": 22.015625,
      "height": 14
    },
    "2": {
      "left": 721,
      "top": 401,
      "width": 22.015625,
      "height": 14
    },
    "3": {
      "left": 421,
      "top": 401,
      "width": 22.015625,
      "height": 14
    },
    "4": {
      "left": 277,
      "top": 387,
      "width": 22.015625,
      "height": 14
    },
    "5": {
      "left": 283,
      "top": 153,
      "width": 22.015625,
      "height": 14
    }
  },
  "stacks": {
    "0": {
      "left": 1074,
      "top": 324,
      "width": 113.46875,
      "height": 30
    },
    "1": {
      "left": 1082,
      "top": 682,
      "width": 113.46875,
      "height": 30
    },
    "2": {
      "left": 722,
      "top": 682,
      "width": 113.46875,
      "height": 30
    },
    "3": {
      "left": 422,
      "top": 682,
      "width": 113.46875,
      "height": 30
    },
    "4": {
      "left": 122,
      "top": 682,
      "width": 113.46875,
      "height": 30
    },
    "5": {
      "left": 124,
      "top": 324,
      "width": 113.46875,
      "height": 30
    }
  },
  "board": {
    "left": 326,
    "top": 156,
    "width": 0,
    "height": 0
  },
  "pot": {
    "left": 556,
    "top": 336,
    "width": 62.71875,
    "height": 24
  }
}