{
  "seats": {
    "0": {
      "left": 1084,
      "top": 184,
      "width": 200,
      "height": 214
    },
    "1": {
      "left": 1084,
      "top": 534,
      "width": 200,
      "height": 214
    },
    "2": {
      "left": 804,
      "top": 564,
      "width": 200,
      "height": 214
    },
    "3": {
      "left": 404,
      "top": 564,
      "width": 200,
      "height": 214
    },
    "4": {
      "left": 124,
      "top": 534,
      "width": 200,
      "height": 214
    },
    "5": {
      "left": 124,
      "top": 184,
      "width": 200,
      "height": 214
    }
  },
  "bets": {
    "0": {
      "left": 934,
      "top": 164,
      "width": 22.015625,
      "height": 14
    },
    "1": {
      "left": 934,
      "top": 384,
      "width": 22.015625,
      "height": 14
    },
    "2": {
      "left": 804,
      "top": 424,
      "width": 22.015625,
      "height": 14
    },
    "3": {
      "left": 404,
      "top": 424,
      "width": 22.015625,
      "height": 14
    },
    "4": {
      "left": 274,
      "top": 384,
      "width": 22.015625,
      "height": 14
    },
    "5": {
      "left": 274,
      "top": 164,
      "width": 22.015625,
      "height": 14
    }
  },
  "stacks": {
    "0": {
      "left": 1071,
      "top": 321,
      "width": 113.46875,
      "height": 30
    },
    "1": {
      "left": 1081,
      "top": 671,
      "width": 113.46875,
      "height": 30
    },
    "2": {
      "left": 801,
      "top": 701,
      "width": 113.46875,
      "height": 30
    },
    "3": {
      "left": 401,
      "top": 701,
      "width": 113.46875,
      "height": 30
    },
    "4": {
      "left": 121,
      "top": 671,
      "width": 113.46875,
      "height": 30
    },
    "5": {
      "left": 121,
      "top": 321,
      "width": 113.46875,
      "height": 30
    }
  },
  "board": {
    "left": 323,
    "top": 153,
    "width": 0,
    "height": 0
  },
  "pot": {
    "left": 553,
    "top": 333,
    "width": 62.71875,
    "height": 24
  }
}